Taxon	Abundance
d__Bacteria; p__Proteobacteria; c__Gammaproteobacteria; o__Burkholderiales_592524; f__Burkholderiaceae_A_580492; g__Ralstonia; s__Ralstonia pseudosolanacearum	813
d__Bacteria; p__Proteobacteria; c__Gammaproteobacteria; o__Burkholderiales_592524; f__Burkholderiaceae_A_580492; g__Caballeronia	497
d__Bacteria; p__Bacteroidota; c__Bacteroidia; o__Chitinophagales; f__Chitinophagaceae_966727; g__Sediminibacterium	101
d__Bacteria; p__Bacteroidota; c__Bacteroidia; o__Bacteroidales; f__Muribaculaceae; g__Paramuribaculum; s__Paramuribaculum sp000431155	16
d__Bacteria; p__Firmicutes_A; c__Clostridia_258483; o__Lachnospirales; f__Lachnospiraceae; g__UBA3282; s__UBA3282 sp003611805	14
d__Bacteria; p__Firmicutes_A; c__Clostridia_258483; o__Oscillospirales; f__Acutalibacteraceae; g__Caproiciproducens; s__	13
d__Bacteria; p__Proteobacteria; c__Gammaproteobacteria; o__Enterobacterales_A_737866; f__Enterobacteriaceae_A	12
d__Bacteria; p__Chloroflexota; c__Dehalococcoidia; o__UBA6926; f__UBA6926; g__VXMO01; s__VXMO01 sp009841045	11
d__Bacteria; p__Bacteroidota; c__Bacteroidia; o__Bacteroidales; f__Bacteroidaceae; g__Prevotella	11
d__Bacteria; p__Firmicutes_D; c__Bacilli; o__Lactobacillales; f__Streptococcaceae; g__Streptococcus; s__Streptococcus parasanguinis	11
d__Bacteria; p__Proteobacteria; c__Alphaproteobacteria; o__Sphingomonadales; f__Sphingomonadaceae; g__Sphingomicrobium_483265	11
d__Bacteria; p__Proteobacteria; c__Gammaproteobacteria; o__Burkholderiales_592524; f__Burkholderiaceae_A_580492	10
d__Bacteria; p__Bacteroidota; c__Bacteroidia; o__Bacteroidales; f__Muribaculaceae; g__Muribaculum; s__Muribaculum gordoncarteri	10
d__Bacteria; p__Patescibacteria; c__Saccharimonadia; o__Saccharimonadales; f__UBA4665; g__PMNU01; s__PMNU01 sp002952755	9
d__Bacteria; p__Proteobacteria; c__Alphaproteobacteria; o__Caulobacterales; f__Caulobacteraceae	9
d__Bacteria; p__Proteobacteria; c__Gammaproteobacteria; o__Burkholderiales_592522; f__Burkholderiaceae_A_592522; g__Pelomonas	9
d__Bacteria; p__Bacteroidota; c__Bacteroidia; o__Bacteroidales; f__Muribaculaceae; g__Paramuribaculum; s__Paramuribaculum sp900551515	9
d__Bacteria; p__Proteobacteria; c__Alphaproteobacteria	8
d__Bacteria; p__Proteobacteria; c__Gammaproteobacteria; o__Pseudomonadales_650715; f__Litoricolaceae; g__HIMB30; s__HIMB30 sp002691485	8
d__Bacteria; p__Proteobacteria; c__Alphaproteobacteria; o__Pelagibacterales; f__Pelagibacteraceae; g__IMCC9063; s__IMCC9063 sp000195085	7
d__Bacteria; p__Bacteroidota; c__Bacteroidia; o__Bacteroidales; f__Muribaculaceae; g__CAG-873; s__CAG-873 sp011959565	7
d__Bacteria; p__Proteobacteria; c__Gammaproteobacteria; o__Burkholderiales_597439; f__Usitatibacteraceae; g__Usitatibacter	6
d__Bacteria; p__Proteobacteria; c__Gammaproteobacteria; o__Pseudomonadales_660879; f__Moraxellaceae; g__Acinetobacter; s__Acinetobacter johnsonii	6
d__Bacteria; p__Proteobacteria; c__Alphaproteobacteria; o__Rhizobiales_A_501396; f__Rhizobiaceae_A_499470; g__Mesorhizobium_F_498388	6
d__Bacteria; p__Bacteroidota; c__Bacteroidia; o__Bacteroidales; f__Muribaculaceae	5
d__Bacteria; p__Bacteroidota; c__Bacteroidia; o__Bacteroidales; f__Muribaculaceae; g__Amulumruptor; s__Amulumruptor caecigallinarius	5
d__Bacteria; p__Proteobacteria; c__Alphaproteobacteria; o__Rhizobiales_A_504705; f__Beijerinckiaceae; g__Methylobacterium; s__Methylobacterium gossipiicola	5
d__Bacteria; p__Proteobacteria; c__Alphaproteobacteria; o__Rhizobiales_A_504705; f__Xanthobacteraceae_503485; g__Bradyrhizobium	4
d__Bacteria; p__Proteobacteria; c__Gammaproteobacteria; o__Burkholderiales_592524; f__Burkholderiaceae_A_574934	4
d__Bacteria; p__Proteobacteria; c__Gammaproteobacteria; o__Enterobacterales_A_737866; f__Enterobacteriaceae_A; g__Serratia_D_727363	3
d__Bacteria; p__Actinobacteriota; c__Actinomycetia; o__Actinomycetales; f__Bifidobacteriaceae; g__Bifidobacterium_388775; s__Bifidobacterium adolescentis	3
d__Bacteria; p__Actinobacteriota; c__Actinomycetia; o__Mycobacteriales; f__Mycobacteriaceae; g__Lawsonella; s__	3
d__Bacteria; p__Proteobacteria; c__Alphaproteobacteria; o__Sphingomonadales; f__Sphingomonadaceae; g__Sphingomonas_L_486704	3
d__Bacteria; p__Firmicutes_A; c__Clostridia_258483; o__Lachnospirales; f__Lachnospiraceae	3
d__Bacteria; p__Firmicutes_D; c__Bacilli; o__Lactobacillales; f__Enterococcaceae	3
d__Bacteria; p__Proteobacteria; c__Gammaproteobacteria; o__Burkholderiales_592524; f__Burkholderiaceae_A_580492; g__Pandoraea	3
d__Bacteria; p__Firmicutes_A; c__Clostridia_258483; o__Lachnospirales; f__Lachnospiraceae; g__Blautia_A_141781; s__Blautia_A_141781 massiliensis	2
d__Bacteria; p__Campylobacterota; c__Campylobacteria; o__Campylobacterales; f__Helicobacteraceae	2
d__Bacteria; p__Proteobacteria; c__Gammaproteobacteria; o__Enterobacterales_A_737866; f__Pasteurellaceae; g__Haemophilus_D_735815	2
d__Bacteria; p__Proteobacteria; c__Gammaproteobacteria; o__Pseudomonadales_660879; f__Moraxellaceae	2
d__Bacteria; p__Proteobacteria; c__Gammaproteobacteria; o__Enterobacterales_A_737866; f__Enterobacteriaceae_A; g__Providencia_A_732258	2
d__Bacteria; p__Proteobacteria; c__Alphaproteobacteria; o__Pelagibacterales; f__Pelagibacteraceae; g__Pelagibacter_A_533952	2
d__Bacteria; p__Proteobacteria; c__Gammaproteobacteria; o__Burkholderiales_592524	2
d__Bacteria; p__Proteobacteria; c__Gammaproteobacteria; o__Burkholderiales_592522; f__Burkholderiaceae_A_592522	2
d__Bacteria; p__Proteobacteria; c__Gammaproteobacteria; o__Burkholderiales_592524; f__Burkholderiaceae_A_580492; g__Cupriavidus; s__Thermothrix thiopara	2
d__Bacteria; p__Bacteroidota; c__Bacteroidia; o__Flavobacteriales_877923; f__Flavobacteriaceae; g__Flavobacterium	2
d__Bacteria; p__Firmicutes_A; c__Clostridia_258483; o__Lachnospirales; f__Lachnospiraceae; g__Blautia_A_141781	2
d__Bacteria; p__Bacteroidota; c__Bacteroidia; o__Bacteroidales; f__Bacteroidaceae; g__Phocaeicola_A_858004; s__Phocaeicola_A_858004 plebeius	1
d__Bacteria; p__Bacteroidota; c__Bacteroidia; o__Bacteroidales; f__Bacteroidaceae	1
d__Bacteria; p__Actinobacteriota; c__Actinomycetia; o__Mycobacteriales; f__Mycobacteriaceae; g__Corynebacterium; s__Corynebacterium mycetoides	1
d__Bacteria; p__Acidobacteriota; c__Acidobacteriae; o__Bryobacterales; f__Bryobacteraceae; g__Bog-159; s__Bog-159 sp003166475	1
d__Bacteria; p__Actinobacteriota; c__Actinomycetia; o__Actinomycetales; f__Bifidobacteriaceae; g__Bifidobacterium_388775; s__Bifidobacterium longum	1
d__Bacteria; p__Actinobacteriota; c__Actinomycetia; o__Actinomycetales; f__Micrococcaceae; g__Rothia; s__Rothia sp001808955	1
d__Bacteria	1
d__Bacteria; p__Bacteroidota; c__Bacteroidia; o__Bacteroidales; f__Bacteroidaceae; g__Phocaeicola_A_858004; s__Phocaeicola_A_858004 vulgatus	1
d__Bacteria; p__Bacteroidota; c__Bacteroidia	1
d__Bacteria; p__Firmicutes_A; c__Clostridia_258483; o__Lachnospirales; f__Lachnospiraceae; g__Fusicatenibacter; s__Fusicatenibacter saccharivorans	1
d__Bacteria; p__Bacteroidota; c__Bacteroidia; o__Cytophagales; f__Cyclobacteriaceae_900466; g__Chryseotalea; s__	1
d__Bacteria; p__Bacteroidota; c__Bacteroidia; o__Bacteroidales; f__UBA932; g__Cryptobacteroides; s__Cryptobacteroides sp900546395	1
d__Bacteria; p__Firmicutes_A; c__Clostridia_258483; o__Lachnospirales; f__Lachnospiraceae; g__Anaerobutyricum	1
d__Bacteria; p__Firmicutes_A; c__Clostridia_258483; o__Lachnospirales; f__Lachnospiraceae; g__Agathobacter_164117; s__Agathobacter rectalis	1
d__Bacteria; p__Myxococcota_A_473307; c__Polyangia_463783; o__Nannocystales; f__Nannocystaceae; g__Nannocystis; s__Nannocystis exedens	1
d__Bacteria; p__Firmicutes_D; c__Bacilli; o__Lactobacillales; f__Lactobacillaceae; g__Ligilactobacillus	1
d__Bacteria; p__Firmicutes_D; c__Bacilli; o__Lactobacillales; f__Streptococcaceae; g__Lactococcus_A_346120	1
d__Bacteria; p__Firmicutes_D; c__Bacilli; o__Staphylococcales; f__Staphylococcaceae; g__Mammaliicoccus_319276; s__Mammaliicoccus fleurettii	1
d__Bacteria; p__Firmicutes_A; c__Clostridia_258483; o__Oscillospirales; f__Ruminococcaceae; g__Faecalibacterium; s__Faecalibacterium prausnitzii_C_71358	1
d__Bacteria; p__Firmicutes_A; c__Clostridia_258483; o__Peptostreptococcales; f__Peptostreptococcaceae_256921; g__Clostridioides_A; s__Clostridioides_A difficile	1
d__Bacteria; p__Firmicutes_D; c__Bacilli; o__Bacillales_B_306089; f__Bacillaceae_H_294103; g__Metabacillus_B_289979; s__Metabacillus_B_289979 endolithicus	1
d__Bacteria; p__Firmicutes_D; c__Bacilli; o__Erysipelotrichales; f__Coprobacillaceae; g__Faecalibacillus; s__Faecalibacillus intestinalis	1
d__Bacteria; p__Proteobacteria; c__Gammaproteobacteria; o__; f__; g__; s__	1
d__Bacteria; p__Proteobacteria; c__Alphaproteobacteria; o__Pelagibacterales; f__Pelagibacteraceae; g__IMCC9063	1
d__Bacteria; p__Proteobacteria; c__Alphaproteobacteria; o__Pelagibacterales; f__Pelagibacteraceae; g__Pelagibacter_A_533952; s__Pelagibacter_A_533952 ubique_L_517213	1
d__Bacteria; p__Proteobacteria; c__Alphaproteobacteria; o__Rhizobiales_A_504705; f__Beijerinckiaceae; g__Methylobacterium	1
d__Bacteria; p__Proteobacteria; c__Gammaproteobacteria; o__Burkholderiales_597441; f__Neisseriaceae_563222; g__Neisseria_563205	1
d__Bacteria; p__Proteobacteria; c__Gammaproteobacteria; o__Burkholderiales_595425; f__Burkholderiaceae_A_595425; g__Lautropia; s__Lautropia mirabilis	1
d__Bacteria; p__Proteobacteria; c__Gammaproteobacteria; o__Burkholderiales_595422; f__Burkholderiaceae_A_595422; g__Alcaligenes	1
d__Bacteria; p__Proteobacteria; c__Gammaproteobacteria; o__Enterobacterales_A_737866; f__Enterobacteriaceae_A; g__Proteus; s__Proteus mirabilis	1
